{"cameraMode":{"drawMode":0,"name":"Shaded","section":"Shading Mode"},"sceneLighting":true,"audioPlay":false,"sceneViewState":{"m_AlwaysRefresh":false,"showFog":true,"showSkybox":true,"showFlares":true,"showImageEffects":true,"showParticleSystems":true,"showVisualEffectGraphs":true,"m_FxEnabled":true},"in2DMode":false,"pivot":{"x":-15.57176399230957,"y":1.0897235870361329,"z":-21.92475700378418},"rotation":{"x":-0.026890205219388009,"y":-0.9306040406227112,"z":0.35828521847724917,"w":-0.07025405019521713},"size":5.018367290496826,"orthographic":false}